Date, Algorithm, Algorithm Version, ID, Cleaning Pct, Time remaining
11-29-2021 23:11:01, Spiral, Spiral 1.0,ID, 91%, 0 minutes
11-30-2021 22:41:24, Random, Random 1.0,ID, 0%, 150 minutes
11-30-2021 22:46:02, All, All 1.0,ID, NaN%, 150 minutes
11-30-2021 22:46:05, All, All 1.0,ID, NaN%, 150 minutes
11-30-2021 22:46:10, All, All 1.0,ID, NaN%, 150 minutes
11-30-2021 22:46:10, All, All 1.0,ID, NaN%, 150 minutes
11-30-2021 22:46:12, All, All 1.0,ID, NaN%, 150 minutes
11-30-2021 22:46:12, All, All 1.0,ID, NaN%, 150 minutes
11-30-2021 22:46:12, All, All 1.0,ID, NaN%, 150 minutes
11-30-2021 22:46:12, All, All 1.0,ID, NaN%, 150 minutes
11-30-2021 22:46:12, All, All 1.0,ID, NaN%, 150 minutes
11-30-2021 22:46:13, All, All 1.0,ID, NaN%, 150 minutes
11-30-2021 22:46:13, All, All 1.0,ID, NaN%, 150 minutes
11-30-2021 22:46:13, All, All 1.0,ID, NaN%, 150 minutes
11-30-2021 22:46:28, All, All 1.0,ID, NaN%, 150 minutes
11-30-2021 22:46:47, Random, Random 1.0,ID, NaN%, 150 minutes
11-30-2021 22:47:33, Random, Random 1.0,ID, 0%, 150 minutes
11-30-2021 22:47:52, All, All 1.0,ID, 0%, 150 minutes
11-30-2021 22:48:02, All, All 1.0,ID, 0%, 150 minutes
11-30-2021 22:49:43, All, All 1.0,ID, 0%, 145 minutes
11-30-2021 23:00:55, All, All 1.0,ID, 99%, 143 minutes
